review,sentiment
The user interface is very nice and easy to use. I'm very satisfied with this purchase.,1
The product works as advertised. It's reliable and performs well under different conditions.,1
Fantastic product! It has significantly improved my daily routine and productivity.,1
"Shipping was fast, and the item arrived in perfect condition. I'm very happy with the service.",1
I'm extremely happy with the performance. It exceeded my expectations in every way.,1
The user interface is very nice and easy to use. I'm very satisfied with this purchase.,1
The product works as advertised. It's reliable and performs well under different conditions.,1
Fantastic product! It has significantly improved my daily routine and productivity.,1
"Shipping was fast, and the item arrived in perfect condition. I'm very happy with the service.",1
I'm extremely happy with the performance. It exceeded my expectations in every way.,1
The user interface is very nice and easy to use. I'm very satisfied with this purchase.,1
The product works as advertised. It's reliable and performs well under different conditions.,1
Fantastic product! It has significantly improved my daily routine and productivity.,1
"Shipping was fast, and the item arrived in perfect condition. I'm very happy with the service.",1
I'm extremely happy with the performance. It exceeded my expectations in every way.,1
The user interface is very nice and easy to use. I'm very satisfied with this purchase.,1
The product works as advertised. It's reliable and performs well under different conditions.,1
Fantastic product! It has significantly improved my daily routine and productivity.,1
"Shipping was fast, and the item arrived in perfect condition. I'm very happy with the service.",1
I'm extremely happy with the performance. It exceeded my expectations in every way.,1
The user interface is very nice and easy to use. I'm very satisfied with this purchase.,1
The product works as advertised. It's reliable and performs well under different conditions.,1
Fantastic product! It has significantly improved my daily routine and productivity.,1
"Shipping was fast, and the item arrived in perfect condition. I'm very happy with the service.",1
I'm extremely happy with the performance. It exceeded my expectations in every way.,1
The user interface is very nice and easy to use. I'm very satisfied with this purchase.,1
The product works as advertised. It's reliable and performs well under different conditions.,1
Fantastic product! It has significantly improved my daily routine and productivity.,1
"Shipping was fast, and the item arrived in perfect condition. I'm very happy with the service.",1
I'm extremely happy with the performance. It exceeded my expectations in every way.,1
The user interface is very nice and easy to use. I'm very satisfied with this purchase.,1
The product works as advertised. It's reliable and performs well under different conditions.,1
Fantastic product! It has significantly improved my daily routine and productivity.,1
"Shipping was fast, and the item arrived in perfect condition. I'm very happy with the service.",1
I'm extremely happy with the performance. It exceeded my expectations in every way.,1
The user interface is very nice and easy to use. I'm very satisfied with this purchase.,1
The product works as advertised. It's reliable and performs well under different conditions.,1
Fantastic product! It has significantly improved my daily routine and productivity.,1
"Shipping was fast, and the item arrived in perfect condition. I'm very happy with the service.",1
I'm extremely happy with the performance. It exceeded my expectations in every way.,1
The user interface is very nice and easy to use. I'm very satisfied with this purchase.,1
The product works as advertised. It's reliable and performs well under different conditions.,1
Fantastic product! It has significantly improved my daily routine and productivity.,1
"Shipping was fast, and the item arrived in perfect condition. I'm very happy with the service.",1
I'm extremely happy with the performance. It exceeded my expectations in every way.,1
The user interface is very nice and easy to use. I'm very satisfied with this purchase.,1
The product works as advertised. It's reliable and performs well under different conditions.,1
Fantastic product! It has significantly improved my daily routine and productivity.,1
"Shipping was fast, and the item arrived in perfect condition. I'm very happy with the service.",1
I'm extremely happy with the performance. It exceeded my expectations in every way.,1
The user interface is very nice and easy to use. I'm very satisfied with this purchase.,1
The product works as advertised. It's reliable and performs well under different conditions.,1
Fantastic product! It has significantly improved my daily routine and productivity.,1
"Shipping was fast, and the item arrived in perfect condition. I'm very happy with the service.",1
I'm extremely happy with the performance. It exceeded my expectations in every way.,1
The user interface is very nice and easy to use. I'm very satisfied with this purchase.,1
The product works as advertised. It's reliable and performs well under different conditions.,1
Fantastic product! It has significantly improved my daily routine and productivity.,1
"Shipping was fast, and the item arrived in perfect condition. I'm very happy with the service.",1
I'm extremely happy with the performance. It exceeded my expectations in every way.,1
The user interface is very nice and easy to use. I'm very satisfied with this purchase.,1
The product works as advertised. It's reliable and performs well under different conditions.,1
Fantastic product! It has significantly improved my daily routine and productivity.,1
"Shipping was fast, and the item arrived in perfect condition. I'm very happy with the service.",1
I'm extremely happy with the performance. It exceeded my expectations in every way.,1
The user interface is very nice and easy to use. I'm very satisfied with this purchase.,1
The product works as advertised. It's reliable and performs well under different conditions.,1
Fantastic product! It has significantly improved my daily routine and productivity.,1
"Shipping was fast, and the item arrived in perfect condition. I'm very happy with the service.",1
I'm extremely happy with the performance. It exceeded my expectations in every way.,1
The user interface is very nice and easy to use. I'm very satisfied with this purchase.,1
The product works as advertised. It's reliable and performs well under different conditions.,1
Fantastic product! It has significantly improved my daily routine and productivity.,1
"Shipping was fast, and the item arrived in perfect condition. I'm very happy with the service.",1
I'm extremely happy with the performance. It exceeded my expectations in every way.,1
The user interface is very nice and easy to use. I'm very satisfied with this purchase.,1
The product works as advertised. It's reliable and performs well under different conditions.,1
Fantastic product! It has significantly improved my daily routine and productivity.,1
"Shipping was fast, and the item arrived in perfect condition. I'm very happy with the service.",1
I'm extremely happy with the performance. It exceeded my expectations in every way.,1
The user interface is very nice and easy to use. I'm very satisfied with this purchase.,1
The product works as advertised. It's reliable and performs well under different conditions.,1
Fantastic product! It has significantly improved my daily routine and productivity.,1
"Shipping was fast, and the item arrived in perfect condition. I'm very happy with the service.",1
I'm extremely happy with the performance. It exceeded my expectations in every way.,1
The user interface is very nice and easy to use. I'm very satisfied with this purchase.,1
The product works as advertised. It's reliable and performs well under different conditions.,1
Fantastic product! It has significantly improved my daily routine and productivity.,1
"Shipping was fast, and the item arrived in perfect condition. I'm very happy with the service.",1
I'm extremely happy with the performance. It exceeded my expectations in every way.,1
The user interface is very nice and easy to use. I'm very satisfied with this purchase.,1
The product works as advertised. It's reliable and performs well under different conditions.,1
Fantastic product! It has significantly improved my daily routine and productivity.,1
"Shipping was fast, and the item arrived in perfect condition. I'm very happy with the service.",1
I'm extremely happy with the performance. It exceeded my expectations in every way.,1
The user interface is very nice and easy to use. I'm very satisfied with this purchase.,1
The product works as advertised. It's reliable and performs well under different conditions.,1
Fantastic product! It has significantly improved my daily routine and productivity.,1
"Shipping was fast, and the item arrived in perfect condition. I'm very happy with the service.",1
I'm extremely happy with the performance. It exceeded my expectations in every way.,1
The user interface is very nice and easy to use. I'm very satisfied with this purchase.,1
The product works as advertised. It's reliable and performs well under different conditions.,1
Fantastic product! It has significantly improved my daily routine and productivity.,1
"Shipping was fast, and the item arrived in perfect condition. I'm very happy with the service.",1
I'm extremely happy with the performance. It exceeded my expectations in every way.,1
The user interface is very nice and easy to use. I'm very satisfied with this purchase.,1
The product works as advertised. It's reliable and performs well under different conditions.,1
Fantastic product! It has significantly improved my daily routine and productivity.,1
"Shipping was fast, and the item arrived in perfect condition. I'm very happy with the service.",1
I'm extremely happy with the performance. It exceeded my expectations in every way.,1
The user interface is very nice and easy to use. I'm very satisfied with this purchase.,1
The product works as advertised. It's reliable and performs well under different conditions.,1
Fantastic product! It has significantly improved my daily routine and productivity.,1
"Shipping was fast, and the item arrived in perfect condition. I'm very happy with the service.",1
I'm extremely happy with the performance. It exceeded my expectations in every way.,1
The user interface is very nice and easy to use. I'm very satisfied with this purchase.,1
The product works as advertised. It's reliable and performs well under different conditions.,1
Fantastic product! It has significantly improved my daily routine and productivity.,1
"Shipping was fast, and the item arrived in perfect condition. I'm very happy with the service.",1
I'm extremely happy with the performance. It exceeded my expectations in every way.,1
The user interface is very nice and easy to use. I'm very satisfied with this purchase.,1
The product works as advertised. It's reliable and performs well under different conditions.,1
Fantastic product! It has significantly improved my daily routine and productivity.,1
"Shipping was fast, and the item arrived in perfect condition. I'm very happy with the service.",1
I'm extremely happy with the performance. It exceeded my expectations in every way.,1
I had a terrible experience with the customer support team. They were unhelpful and rude.,0
I received the wrong item and had to go through a lengthy return process. Very disappointed.,0
"The build quality is subpar. It feels cheap and flimsy, and I'm not sure it will last long.",0
The instructions were unclear and hard to follow. I struggled to get it set up properly.,0
The product does not match the description. It's missing several features that were promised.,0
I had a terrible experience with the customer support team. They were unhelpful and rude.,0
I received the wrong item and had to go through a lengthy return process. Very disappointed.,0
"The build quality is subpar. It feels cheap and flimsy, and I'm not sure it will last long.",0
The instructions were unclear and hard to follow. I struggled to get it set up properly.,0
The product does not match the description. It's missing several features that were promised.,0
I had a terrible experience with the customer support team. They were unhelpful and rude.,0
I received the wrong item and had to go through a lengthy return process. Very disappointed.,0
"The build quality is subpar. It feels cheap and flimsy, and I'm not sure it will last long.",0
The instructions were unclear and hard to follow. I struggled to get it set up properly.,0
The product does not match the description. It's missing several features that were promised.,0
I had a terrible experience with the customer support team. They were unhelpful and rude.,0
I received the wrong item and had to go through a lengthy return process. Very disappointed.,0
"The build quality is subpar. It feels cheap and flimsy, and I'm not sure it will last long.",0
The instructions were unclear and hard to follow. I struggled to get it set up properly.,0
The product does not match the description. It's missing several features that were promised.,0
I had a terrible experience with the customer support team. They were unhelpful and rude.,0
I received the wrong item and had to go through a lengthy return process. Very disappointed.,0
"The build quality is subpar. It feels cheap and flimsy, and I'm not sure it will last long.",0
The instructions were unclear and hard to follow. I struggled to get it set up properly.,0
The product does not match the description. It's missing several features that were promised.,0
I had a terrible experience with the customer support team. They were unhelpful and rude.,0
I received the wrong item and had to go through a lengthy return process. Very disappointed.,0
"The build quality is subpar. It feels cheap and flimsy, and I'm not sure it will last long.",0
The instructions were unclear and hard to follow. I struggled to get it set up properly.,0
The product does not match the description. It's missing several features that were promised.,0
I had a terrible experience with the customer support team. They were unhelpful and rude.,0
I received the wrong item and had to go through a lengthy return process. Very disappointed.,0
"The build quality is subpar. It feels cheap and flimsy, and I'm not sure it will last long.",0
The instructions were unclear and hard to follow. I struggled to get it set up properly.,0
The product does not match the description. It's missing several features that were promised.,0
I had a terrible experience with the customer support team. They were unhelpful and rude.,0
I received the wrong item and had to go through a lengthy return process. Very disappointed.,0
"The build quality is subpar. It feels cheap and flimsy, and I'm not sure it will last long.",0
The instructions were unclear and hard to follow. I struggled to get it set up properly.,0
The product does not match the description. It's missing several features that were promised.,0
I had a terrible experience with the customer support team. They were unhelpful and rude.,0
I received the wrong item and had to go through a lengthy return process. Very disappointed.,0
"The build quality is subpar. It feels cheap and flimsy, and I'm not sure it will last long.",0
The instructions were unclear and hard to follow. I struggled to get it set up properly.,0
The product does not match the description. It's missing several features that were promised.,0
I had a terrible experience with the customer support team. They were unhelpful and rude.,0
I received the wrong item and had to go through a lengthy return process. Very disappointed.,0
"The build quality is subpar. It feels cheap and flimsy, and I'm not sure it will last long.",0
The instructions were unclear and hard to follow. I struggled to get it set up properly.,0
The product does not match the description. It's missing several features that were promised.,0
I had a terrible experience with the customer support team. They were unhelpful and rude.,0
I received the wrong item and had to go through a lengthy return process. Very disappointed.,0
"The build quality is subpar. It feels cheap and flimsy, and I'm not sure it will last long.",0
The instructions were unclear and hard to follow. I struggled to get it set up properly.,0
The product does not match the description. It's missing several features that were promised.,0
I had a terrible experience with the customer support team. They were unhelpful and rude.,0
I received the wrong item and had to go through a lengthy return process. Very disappointed.,0
"The build quality is subpar. It feels cheap and flimsy, and I'm not sure it will last long.",0
The instructions were unclear and hard to follow. I struggled to get it set up properly.,0
The product does not match the description. It's missing several features that were promised.,0
I had a terrible experience with the customer support team. They were unhelpful and rude.,0
I received the wrong item and had to go through a lengthy return process. Very disappointed.,0
"The build quality is subpar. It feels cheap and flimsy, and I'm not sure it will last long.",0
The instructions were unclear and hard to follow. I struggled to get it set up properly.,0
The product does not match the description. It's missing several features that were promised.,0
I had a terrible experience with the customer support team. They were unhelpful and rude.,0
I received the wrong item and had to go through a lengthy return process. Very disappointed.,0
"The build quality is subpar. It feels cheap and flimsy, and I'm not sure it will last long.",0
The instructions were unclear and hard to follow. I struggled to get it set up properly.,0
The product does not match the description. It's missing several features that were promised.,0
I had a terrible experience with the customer support team. They were unhelpful and rude.,0
I received the wrong item and had to go through a lengthy return process. Very disappointed.,0
"The build quality is subpar. It feels cheap and flimsy, and I'm not sure it will last long.",0
The instructions were unclear and hard to follow. I struggled to get it set up properly.,0
The product does not match the description. It's missing several features that were promised.,0
I had a terrible experience with the customer support team. They were unhelpful and rude.,0
I received the wrong item and had to go through a lengthy return process. Very disappointed.,0
"The build quality is subpar. It feels cheap and flimsy, and I'm not sure it will last long.",0
The instructions were unclear and hard to follow. I struggled to get it set up properly.,0
The product does not match the description. It's missing several features that were promised.,0
I had a terrible experience with the customer support team. They were unhelpful and rude.,0
I received the wrong item and had to go through a lengthy return process. Very disappointed.,0
"The build quality is subpar. It feels cheap and flimsy, and I'm not sure it will last long.",0
The instructions were unclear and hard to follow. I struggled to get it set up properly.,0
The product does not match the description. It's missing several features that were promised.,0
I had a terrible experience with the customer support team. They were unhelpful and rude.,0
I received the wrong item and had to go through a lengthy return process. Very disappointed.,0
"The build quality is subpar. It feels cheap and flimsy, and I'm not sure it will last long.",0
The instructions were unclear and hard to follow. I struggled to get it set up properly.,0
The product does not match the description. It's missing several features that were promised.,0
I had a terrible experience with the customer support team. They were unhelpful and rude.,0
I received the wrong item and had to go through a lengthy return process. Very disappointed.,0
"The build quality is subpar. It feels cheap and flimsy, and I'm not sure it will last long.",0
The instructions were unclear and hard to follow. I struggled to get it set up properly.,0
The product does not match the description. It's missing several features that were promised.,0
I had a terrible experience with the customer support team. They were unhelpful and rude.,0
I received the wrong item and had to go through a lengthy return process. Very disappointed.,0
"The build quality is subpar. It feels cheap and flimsy, and I'm not sure it will last long.",0
The instructions were unclear and hard to follow. I struggled to get it set up properly.,0
The product does not match the description. It's missing several features that were promised.,0
I had a terrible experience with the customer support team. They were unhelpful and rude.,0
I received the wrong item and had to go through a lengthy return process. Very disappointed.,0
"The build quality is subpar. It feels cheap and flimsy, and I'm not sure it will last long.",0
The instructions were unclear and hard to follow. I struggled to get it set up properly.,0
The product does not match the description. It's missing several features that were promised.,0
I had a terrible experience with the customer support team. They were unhelpful and rude.,0
I received the wrong item and had to go through a lengthy return process. Very disappointed.,0
"The build quality is subpar. It feels cheap and flimsy, and I'm not sure it will last long.",0
The instructions were unclear and hard to follow. I struggled to get it set up properly.,0
The product does not match the description. It's missing several features that were promised.,0
I had a terrible experience with the customer support team. They were unhelpful and rude.,0
I received the wrong item and had to go through a lengthy return process. Very disappointed.,0
"The build quality is subpar. It feels cheap and flimsy, and I'm not sure it will last long.",0
The instructions were unclear and hard to follow. I struggled to get it set up properly.,0
The product does not match the description. It's missing several features that were promised.,0
I had a terrible experience with the customer support team. They were unhelpful and rude.,0
I received the wrong item and had to go through a lengthy return process. Very disappointed.,0
"The build quality is subpar. It feels cheap and flimsy, and I'm not sure it will last long.",0
The instructions were unclear and hard to follow. I struggled to get it set up properly.,0
The product does not match the description. It's missing several features that were promised.,0
I had a terrible experience with the customer support team. They were unhelpful and rude.,0
I received the wrong item and had to go through a lengthy return process. Very disappointed.,0
"The build quality is subpar. It feels cheap and flimsy, and I'm not sure it will last long.",0
The instructions were unclear and hard to follow. I struggled to get it set up properly.,0
The product does not match the description. It's missing several features that were promised.,0
